{
    "banana_horse_sheep": {
        "objects": "banana . horse . sheep",
        "found_objects": {
            "banana": {
                "coords": [
                    79.40803527832031,
                    90.99191284179688,
                    163.3239288330078,
                    135.77682495117188
                ],
                "area": 3758.166015625,
                "mask_area": 1268.0
            },
            "sheep": {
                "coords": [
                    242.04928588867188,
                    259.2794494628906,
                    468.8788757324219,
                    478.2204895019531
                ],
                "area": 49662.3046875,
                "mask_area": 18707.0
            },
            "horse": {
                "coords": [
                    240.11502075195312,
                    192.43875122070312,
                    339.2720642089844,
                    266.9779357910156
                ],
                "area": 7391.0849609375,
                "mask_area": 2414.0
            }
        }
    }
}